,Action,Distance,Time,Direction
0,Move,532.4400496769566,3.383111000061035,143.15485261421972
1,Move,26.3294549886624,0.7935156822204581,128.83313264116617
